Название,Цена,URL
1С: Программирование для начинающих. М. Радченко,1113.0,https://www.wildberries.ru/catalog/120775986/detail.aspx
Программирование на C++ в примерах и задачах,563.0,https://www.wildberries.ru/catalog/3510497/detail.aspx
Программирование на Python в примерах и задачах,883.0,https://www.wildberries.ru/catalog/18633098/detail.aspx
Программирование на Python с нуля,730.0,https://www.wildberries.ru/catalog/136600401/detail.aspx
Программирование на Java для начинающих,923.0,https://www.wildberries.ru/catalog/4050735/detail.aspx
Программирование на Scratch для детей. Уровень 1,654.0,https://www.wildberries.ru/catalog/187371076/detail.aspx
Программирование на Python. Первые шаги,788.0,https://www.wildberries.ru/catalog/58141377/detail.aspx
Python для детей. Курс для начинающих,483.0,https://www.wildberries.ru/catalog/58111801/detail.aspx
Программирование на Python для начинающих,488.0,https://www.wildberries.ru/catalog/2451259/detail.aspx
Python. Великое программирование в Minecraft,612.0,https://www.wildberries.ru/catalog/25541718/detail.aspx
Python. Основы программирования,767.0,https://www.wildberries.ru/catalog/248270649/detail.aspx
C#. Основы программирования,729.0,https://www.wildberries.ru/catalog/231517603/detail.aspx
JavaScript в примерах и задачах,849.0,https://www.wildberries.ru/catalog/4431354/detail.aspx
"Книга: Постолит А.В. ""Основы искусственного интеллекта в при",1281.0,https://www.wildberries.ru/catalog/180317117/detail.aspx
Программирование для детей. Научиться с 6 лет может каждый!,439.0,https://www.wildberries.ru/catalog/228404629/detail.aspx
Машинное обучение для детей (Искусственный интеллект),1082.0,https://www.wildberries.ru/catalog/158671580/detail.aspx
Программирование на АРДУИНО. От простого к сложному.,779.0,https://www.wildberries.ru/catalog/25698720/detail.aspx
"Изучаем Python: программирование игр, визуализация данных",807.0,https://www.wildberries.ru/catalog/10749295/detail.aspx
Python. Погружение в математику с Minecraft,543.0,https://www.wildberries.ru/catalog/144621178/detail.aspx
Взломать всё,469.0,https://www.wildberries.ru/catalog/167712259/detail.aspx
Чистый Python. Тонкости программирования для профи,786.0,https://www.wildberries.ru/catalog/6220534/detail.aspx
"Roblox: играй, программируй и создавай свои миры. 2-е изд.",1066.0,https://www.wildberries.ru/catalog/189800289/detail.aspx
Высоконагруженные приложения. Программирование,1709.0,https://www.wildberries.ru/catalog/194119782/detail.aspx
Справочник. Информатика,355.0,https://www.wildberries.ru/catalog/30902261/detail.aspx
Scratch. Программировать сможет каждый,1104.0,https://www.wildberries.ru/catalog/280559941/detail.aspx
Программирование на PHP в примерах и задачах,881.0,https://www.wildberries.ru/catalog/40030776/detail.aspx
Роман с деньгами,604.0,https://www.wildberries.ru/catalog/258643706/detail.aspx
Странные игры. Майк Омер. Книги триллеры,531.0,https://www.wildberries.ru/catalog/230794275/detail.aspx
Black Hat Python: программирование для хакеров и пентестеров,750.0,https://www.wildberries.ru/catalog/48871284/detail.aspx
Программирование для детей развивающая игра,466.0,https://www.wildberries.ru/catalog/192652735/detail.aspx
Изучаем программирование на примере Minecraft,546.0,https://www.wildberries.ru/catalog/18637150/detail.aspx
Python для детей,1015.0,https://www.wildberries.ru/catalog/7076529/detail.aspx
Бойся..но действуй! Как превратить страх из врага в союзника,521.0,https://www.wildberries.ru/catalog/208718674/detail.aspx
Язык программирования C. Лекции и упражн,2235.0,https://www.wildberries.ru/catalog/20849130/detail.aspx
"20 простых проектов на Raspberry Pi. Игрушки, инструменты",574.0,https://www.wildberries.ru/catalog/26006064/detail.aspx
JavaScript для начинающих. 6-е издание,686.0,https://www.wildberries.ru/catalog/132360067/detail.aspx
Самоучитель игры на Паскале. ABC и немного Турбо,529.0,https://www.wildberries.ru/catalog/25995404/detail.aspx
Изучаем C# через разработку игр на Unity. 5-е издание,1019.0,https://www.wildberries.ru/catalog/52813865/detail.aspx
Программирование на языке Lua,1097.0,https://www.wildberries.ru/catalog/223859926/detail.aspx
Занимательная информатика. Учебное пособие,668.0,https://www.wildberries.ru/catalog/39265792/detail.aspx
Миссия: Python. Создаем игры вместе с детьми,343.0,https://www.wildberries.ru/catalog/102586450/detail.aspx
Как добиваться своего с помощью НЛП. 49 простых правил,148.0,https://www.wildberries.ru/catalog/18511312/detail.aspx
Изучаем C++ через программирование игр,818.0,https://www.wildberries.ru/catalog/14899407/detail.aspx
Программирование на Scratch с нуля. Создаем веселые игры,838.0,https://www.wildberries.ru/catalog/161480065/detail.aspx
Азбука программирования игр в UNITY 3D,536.0,https://www.wildberries.ru/catalog/189298179/detail.aspx
Scratch 3. Изучайте язык программирования,881.0,https://www.wildberries.ru/catalog/146669306/detail.aspx
Программирование для детей,898.0,https://www.wildberries.ru/catalog/4851373/detail.aspx
Идеальный программист Как стать профессионалом разработки ПО,469.0,https://www.wildberries.ru/catalog/6411515/detail.aspx
Как управлять собой и другими с помощью НЛП. Книга для,475.0,https://www.wildberries.ru/catalog/2204892/detail.aspx
Паттерны для начинающих программистов с примерами на JAVA,551.0,https://www.wildberries.ru/catalog/230902639/detail.aspx
Программирование для непрограммистов,662.0,https://www.wildberries.ru/catalog/214982447/detail.aspx
Прикладное программирование на C/C++: с нуля,589.0,https://www.wildberries.ru/catalog/50292012/detail.aspx
Linux Kernel Programming. Программирование ядра Linu...,1100.0,https://www.wildberries.ru/catalog/32593645/detail.aspx
"Roblox: играй, программируй и создавай свои миры",1069.0,https://www.wildberries.ru/catalog/23181104/detail.aspx
Профессиональная работа с Git,551.0,https://www.wildberries.ru/catalog/217898311/detail.aspx
Руководство по созданию игровых миров Roblox,1254.0,https://www.wildberries.ru/catalog/100106747/detail.aspx
Golang для профи. 3-е изд.,2554.0,https://www.wildberries.ru/catalog/176348240/detail.aspx
Python на примерах. Практика.,575.0,https://www.wildberries.ru/catalog/154851916/detail.aspx
GPT-3: программирование на PYTHON,1354.0,https://www.wildberries.ru/catalog/278947396/detail.aspx
Создаем динамические веб-сайты,1629.0,https://www.wildberries.ru/catalog/99020240/detail.aspx
Создаем игры с Kodu Game Lab,400.0,https://www.wildberries.ru/catalog/26006056/detail.aspx
Олимпиадное программирование. Второе издание,1340.0,https://www.wildberries.ru/catalog/223860156/detail.aspx
Принципы объектно-ориентированного программирования,551.0,https://www.wildberries.ru/catalog/265573874/detail.aspx
НЛП для чайников,883.0,https://www.wildberries.ru/catalog/31020866/detail.aspx
"Если ты, то я",331.0,https://www.wildberries.ru/catalog/240648811/detail.aspx
"Навыки будущего от 10 лет, 160 заданий",1022.0,https://www.wildberries.ru/catalog/192652725/detail.aspx
"Графики, формулы, анализ данных в Excel. Пошаговые примеры",652.0,https://www.wildberries.ru/catalog/271716805/detail.aspx
книга программирование / Программирование разума. Полное р…,1735.0,https://www.wildberries.ru/catalog/247434021/detail.aspx
Прикладные задачи динамического программирования,874.0,https://www.wildberries.ru/catalog/21875758/detail.aspx
C++ для начинающих. 2-е изд.,1358.0,https://www.wildberries.ru/catalog/189794122/detail.aspx
Алгоритмы в задачах и примерах. Самые эффективные способы и,626.0,https://www.wildberries.ru/catalog/211411488/detail.aspx
JavaScript с нуля,742.0,https://www.wildberries.ru/catalog/29679465/detail.aspx
Программирование на Scratch для детей. Уровень 1,733.0,https://www.wildberries.ru/catalog/184896553/detail.aspx
Python-интенсив: 50 быстрых упражнений,571.0,https://www.wildberries.ru/catalog/208496161/detail.aspx
"НЛП. Игры, в которых побеждают женщины (нов. оф.)",543.0,https://www.wildberries.ru/catalog/6314408/detail.aspx
НЛП Техники россыпью Практическое руководство,893.0,https://www.wildberries.ru/catalog/10939879/detail.aspx
Простой учебник программирования,455.0,https://www.wildberries.ru/catalog/21511737/detail.aspx
Полезное программирование. Уникальное руководство к действию,224.0,https://www.wildberries.ru/catalog/154524935/detail.aspx
ARDUINO: от азов программирования до соз,729.0,https://www.wildberries.ru/catalog/62978070/detail.aspx
Python. Самое полное руководство по разработке в примерах,1253.0,https://www.wildberries.ru/catalog/208269258/detail.aspx
Black Hat Python: программирование для хакеров и пентестеров,1034.0,https://www.wildberries.ru/catalog/262668153/detail.aspx
Объектно-ориентированное программирование в С++,1556.0,https://www.wildberries.ru/catalog/5890118/detail.aspx
C++. Основы программирования,767.0,https://www.wildberries.ru/catalog/270043068/detail.aspx
"Книга: Дональд Кнут ""Искусство программирования. Том 1. Осно",4200.0,https://www.wildberries.ru/catalog/177163515/detail.aspx
Сверхъестественный разум,566.0,https://www.wildberries.ru/catalog/4825579/detail.aspx
Рецепты Python. Коллекция лучших техник программирования,1412.0,https://www.wildberries.ru/catalog/221490620/detail.aspx
НЛП. Полный курс гипноза. Паттерны,349.0,https://www.wildberries.ru/catalog/8468801/detail.aspx
Сверхъестественный разум. Как обычные люди делают,378.0,https://www.wildberries.ru/catalog/170218344/detail.aspx
Изучаем Java,1180.0,https://www.wildberries.ru/catalog/2451185/detail.aspx
Программирование на Java для начинающих,1030.0,https://www.wildberries.ru/catalog/204065242/detail.aspx
Программирование искусственного интеллекта в приложениях,363.0,https://www.wildberries.ru/catalog/21460607/detail.aspx
Объектно Ориентированное Программирование.,805.0,https://www.wildberries.ru/catalog/21510393/detail.aspx
"Привет, Scratch! Моя первая книга по программированию",407.0,https://www.wildberries.ru/catalog/47428639/detail.aspx
Пламя одержимости,388.0,https://www.wildberries.ru/catalog/202864686/detail.aspx
Игровой движок. Программирование и внутреннее устройство,2966.0,https://www.wildberries.ru/catalog/16889092/detail.aspx
Язык программирования Фортран,121.0,https://www.wildberries.ru/catalog/15383487/detail.aspx
Легкий способ выучить Python 3,570.0,https://www.wildberries.ru/catalog/8262402/detail.aspx
"Привет, JavaScript! Моя первая книга по программированию",652.0,https://www.wildberries.ru/catalog/233556193/detail.aspx
Black Hat Go: Программирование для хакеров и пентестеров,1264.0,https://www.wildberries.ru/catalog/97020094/detail.aspx
Язык программирования C. Лекции и упражнения,2297.0,https://www.wildberries.ru/catalog/10591349/detail.aspx
Программируем с детьми. Создайте 50 крутых игр на Python,846.0,https://www.wildberries.ru/catalog/40406423/detail.aspx
"Рабочая тетрадь Реши пиши Логика и программирование, 7-8 лет",257.0,https://www.wildberries.ru/catalog/11134099/detail.aspx
Оконные функции SQL. Анализ данных на практике,589.0,https://www.wildberries.ru/catalog/259907475/detail.aspx
Книга Взломать смерть. Рыльские Г. и Т. Фэнтези Детектив.,456.0,https://www.wildberries.ru/catalog/177670823/detail.aspx
Введение в надежное и безопасное программирование,1117.0,https://www.wildberries.ru/catalog/19935726/detail.aspx
Функциональное программирование на языке Haskell,878.0,https://www.wildberries.ru/catalog/21063164/detail.aspx
Функциональное программирование на F#,505.0,https://www.wildberries.ru/catalog/21061037/detail.aspx
"Программирование на Python с помощью GitHub Copilot, ChatGPT",1104.0,https://www.wildberries.ru/catalog/248630101/detail.aspx
НЛП для коучей и инструкторов: Новые способы мыслить для,357.0,https://www.wildberries.ru/catalog/145844615/detail.aspx
Рабочая тетрадь Реши пиши Логика и программирование 9-10 лет,257.0,https://www.wildberries.ru/catalog/11134100/detail.aspx
Искусство программирования Lego Mindstorms EV3,1372.0,https://www.wildberries.ru/catalog/70118519/detail.aspx
Java. Эффективное программирование. 3-е,1789.0,https://www.wildberries.ru/catalog/20849114/detail.aspx
Python. Исчерпывающее руководство,469.0,https://www.wildberries.ru/catalog/103570297/detail.aspx
Программирование. Принципы и практика с использованием C++,4002.0,https://www.wildberries.ru/catalog/168997903/detail.aspx
Программирование игр и головоломок,744.0,https://www.wildberries.ru/catalog/21875067/detail.aspx
IT-азбука для детей : Азы программирования Развитие ребенка,165.0,https://www.wildberries.ru/catalog/168912257/detail.aspx
"Книга: Дронов Владимир Александрович ""PHP и MySQL. 25 уроков",1092.0,https://www.wildberries.ru/catalog/184161499/detail.aspx
"Высоконагруженные приложения. Программирование, масштабиров",1886.0,https://www.wildberries.ru/catalog/211507485/detail.aspx
Агент тьмы (#3). Фэнтезийный детектив-триллер,485.0,https://www.wildberries.ru/catalog/255305433/detail.aspx
Грокаем функциональное программирование,1159.0,https://www.wildberries.ru/catalog/177980699/detail.aspx
Турбогипноз. Автоматизированая система программирования подсознания. Сила подсознания может все,943.0,https://www.wildberries.ru/catalog/50300586/detail.aspx
Java для чайников,1344.0,https://www.wildberries.ru/catalog/42782974/detail.aspx
SQL: быстрое погружение,732.0,https://www.wildberries.ru/catalog/86971149/detail.aspx
Python за 7 дней. Краткий курс для начинающих,528.0,https://www.wildberries.ru/catalog/161564191/detail.aspx
Язык программирования C++,1041.0,https://www.wildberries.ru/catalog/10591310/detail.aspx
"Книга: Халфакри Г. ""RASPBERRY PI 4. ОФИЦИАЛЬНОЕ РУКОВОДСТВО",1442.0,https://www.wildberries.ru/catalog/138964432/detail.aspx
"Вода-целительница. Как зарядить воду,",228.0,https://www.wildberries.ru/catalog/122049110/detail.aspx
Программирование аналоговых и гибридных компьютеров,2072.0,https://www.wildberries.ru/catalog/268131820/detail.aspx
"Привет, Python! Моя первая книга по программированию",711.0,https://www.wildberries.ru/catalog/233556151/detail.aspx
Игровой движок. Программирование и внутреннее устройство. Т,2983.0,https://www.wildberries.ru/catalog/191886213/detail.aspx
"40 алгоритмов, которые должен знать каждый программист",1337.0,https://www.wildberries.ru/catalog/154001024/detail.aspx
Изучаем электронику с Arduino. Иллюстрированное руководство,1254.0,https://www.wildberries.ru/catalog/106123713/detail.aspx
Идеальная работа,683.0,https://www.wildberries.ru/catalog/94341513/detail.aspx
Архитектура вычислительных систем и Ассемблер,606.0,https://www.wildberries.ru/catalog/19928448/detail.aspx
Программирования в среде Delphi. Учеб...,791.0,https://www.wildberries.ru/catalog/21886188/detail.aspx
Программирование на языке OCaml,1407.0,https://www.wildberries.ru/catalog/25750404/detail.aspx
Практикум по программированию на языке Паскаль: учебно-методическое пособие. Ч. 2,465.0,https://www.wildberries.ru/catalog/41228927/detail.aspx
C++. Полное руководство. Классическое из,2443.0,https://www.wildberries.ru/catalog/25920501/detail.aspx
Python для начинающих : Программирование с помощью мини-игр,1863.0,https://www.wildberries.ru/catalog/272952039/detail.aspx
Linux и Go. Эффективное низкоуровневое программирование,636.0,https://www.wildberries.ru/catalog/140786188/detail.aspx
JavaScript с нуля до профи,1263.0,https://www.wildberries.ru/catalog/154767842/detail.aspx
Фейри-убийца (#2),445.0,https://www.wildberries.ru/catalog/225521265/detail.aspx
Структуры данных и алгоритмы в Java,1361.0,https://www.wildberries.ru/catalog/5962816/detail.aspx
"Знакомьтесь, Python. Секреты профессии",612.0,https://www.wildberries.ru/catalog/178165246/detail.aspx
Язык программирования C++. Краткий курс,1041.0,https://www.wildberries.ru/catalog/42782842/detail.aspx
Изучаем C++ через программирование игр Доусон Майкл,806.0,https://www.wildberries.ru/catalog/209817753/detail.aspx
Изучаем программирование на JavaScript,1316.0,https://www.wildberries.ru/catalog/5781751/detail.aspx
Язык программирования C++. Краткий курс.,912.0,https://www.wildberries.ru/catalog/21143130/detail.aspx
"Привет, JavaScript! Моя первая книга по программированию",562.0,https://www.wildberries.ru/catalog/271719491/detail.aspx
C# 9 и .NET 5. Разработка и оптимизация,1397.0,https://www.wildberries.ru/catalog/44927511/detail.aspx
Язык C. Мастерство программирования,1828.0,https://www.wildberries.ru/catalog/274420147/detail.aspx
Я - хакер! Хроника потерянного поколения,408.0,https://www.wildberries.ru/catalog/80157314/detail.aspx
42 проекта на Scratch 3 для юных программистов.Новое издание,678.0,https://www.wildberries.ru/catalog/8552055/detail.aspx
"Книга: Умрихин Е. ""Разработка Android-приложений на С# с исп",1008.0,https://www.wildberries.ru/catalog/139326022/detail.aspx
Linux и Go 2-е изд.,1330.0,https://www.wildberries.ru/catalog/258282878/detail.aspx
Развитие интеллекта с помощью алгоритмов для детей 4-6 лет,568.0,https://www.wildberries.ru/catalog/259951313/detail.aspx
Экстремальное программирование,541.0,https://www.wildberries.ru/catalog/9059224/detail.aspx
Сетевое программирование на Python,1098.0,https://www.wildberries.ru/catalog/185524360/detail.aspx
Поисковое продвижение сайтов,1012.0,https://www.wildberries.ru/catalog/17076894/detail.aspx
Обьектно-ориент. программирование: с нуля к SOLID и MVC,666.0,https://www.wildberries.ru/catalog/193703657/detail.aspx
"PHP 8: объекты, шаблоны и методики программирования",2426.0,https://www.wildberries.ru/catalog/53309958/detail.aspx
Дневник эффективности,406.0,https://www.wildberries.ru/catalog/164607688/detail.aspx
Kotlin. Программирование для профессионалов. 2-е изд.,1650.0,https://www.wildberries.ru/catalog/125130848/detail.aspx
Scala. Профессиональное программирование,1041.0,https://www.wildberries.ru/catalog/4734299/detail.aspx
Слепой часовщик,704.0,https://www.wildberries.ru/catalog/2150131/detail.aspx
Язык программирования C++. Лекции и упра,2548.0,https://www.wildberries.ru/catalog/20849131/detail.aspx
"Справочник HTML. Кратко, быстро, под рукой, 2-е изд",593.0,https://www.wildberries.ru/catalog/271719611/detail.aspx
1С: Предприятие 8. Версия для обучения программированию.,733.0,https://www.wildberries.ru/catalog/260910594/detail.aspx
Основы программирования в среде Lazarus,1329.0,https://www.wildberries.ru/catalog/21884362/detail.aspx
"Книга: Смит Б. ""Ассемблер для Raspberry Pi. Практическое рук",1008.0,https://www.wildberries.ru/catalog/137612644/detail.aspx
Учимся рисовать на компьютере кодом P5.JS,819.0,https://www.wildberries.ru/catalog/123412068/detail.aspx
Scala. Профессиональное программирование. 4-е изд.,1498.0,https://www.wildberries.ru/catalog/29679965/detail.aspx
Программирование по Петрову-Водкину,335.0,https://www.wildberries.ru/catalog/13607329/detail.aspx
Элегантный SciPy,1143.0,https://www.wildberries.ru/catalog/21066344/detail.aspx
Unity 5.x,827.0,https://www.wildberries.ru/catalog/19478413/detail.aspx
Курс программирования на ASSEMBLER,488.0,https://www.wildberries.ru/catalog/153552376/detail.aspx
"ЕГЭ по информатике для тех, кото хочет успешно сдать",510.0,https://www.wildberries.ru/catalog/112319723/detail.aspx
Программирование на Visual Basic для начинающих,4335.0,https://www.wildberries.ru/catalog/276689153/detail.aspx
C# для чайников,1580.0,https://www.wildberries.ru/catalog/21143105/detail.aspx
Программирование на Kotlin для Android.,855.0,https://www.wildberries.ru/catalog/172953388/detail.aspx
Программирование на Kotlin для Android,878.0,https://www.wildberries.ru/catalog/179344212/detail.aspx
Программирование для iOS 7. Основы Objec,268.0,https://www.wildberries.ru/catalog/61432730/detail.aspx
Реактивное программирование с RxJava,417.0,https://www.wildberries.ru/catalog/21018214/detail.aspx
Java. Эффективное программирование,1157.0,https://www.wildberries.ru/catalog/277619543/detail.aspx
Белый хакер.Книга для подростков,369.0,https://www.wildberries.ru/catalog/269226545/detail.aspx
"Высоконагруженные приложения. Программирование, масштабирова",2211.0,https://www.wildberries.ru/catalog/276675864/detail.aspx
Head First. Изучаем Swift,747.0,https://www.wildberries.ru/catalog/139303406/detail.aspx
Фейри-профайлер,402.0,https://www.wildberries.ru/catalog/197739212/detail.aspx
Основы программирования ПЛК,872.0,https://www.wildberries.ru/catalog/21881742/detail.aspx
CodeVisionAVR: пособие для начинающих,707.0,https://www.wildberries.ru/catalog/148344893/detail.aspx
C++. Базовый курс,1757.0,https://www.wildberries.ru/catalog/25920502/detail.aspx
CLR via C#. Программирование на платформе Microsoft .NET Framework 4.5 на языке C#. 4-е изд,2865.0,https://www.wildberries.ru/catalog/48825586/detail.aspx
PHP и MYSQL. Серверная веб-разработка,1867.0,https://www.wildberries.ru/catalog/173911596/detail.aspx
"Рабочая тетрадь Реши пиши Логика и программирование, 5-6 лет",257.0,https://www.wildberries.ru/catalog/11134098/detail.aspx
Joomla! Программирование,770.0,https://www.wildberries.ru/catalog/267790598/detail.aspx
Python для чайников. 2-е изд.,1163.0,https://www.wildberries.ru/catalog/21143115/detail.aspx
MS Excel и VBA для моделирования различных задач,860.0,https://www.wildberries.ru/catalog/154164977/detail.aspx
Scala. Профессиональное программирование,2740.0,https://www.wildberries.ru/catalog/95451765/detail.aspx
Робототехника в начальной школе.,703.0,https://www.wildberries.ru/catalog/33360808/detail.aspx
"Привет, Pуthоn! Моя первая книга по программированию",372.0,https://www.wildberries.ru/catalog/62291384/detail.aspx
Фейри-убийца (#2),396.0,https://www.wildberries.ru/catalog/234241746/detail.aspx
Python для непрограммистов. Самоучитель в примерах,351.0,https://www.wildberries.ru/catalog/234924054/detail.aspx
Python с нуля,891.0,https://www.wildberries.ru/catalog/205454760/detail.aspx
Computer Science для программиста-самоучки,762.0,https://www.wildberries.ru/catalog/139300839/detail.aspx
Scratch 3. Изучайте язык программирования… книга Свейгарт Эл,3136.0,https://www.wildberries.ru/catalog/284861618/detail.aspx
"1С: Программирование для начинающих. Детям и родителям, м...",1107.0,https://www.wildberries.ru/catalog/140358865/detail.aspx
Терапия денежного мышления,560.0,https://www.wildberries.ru/catalog/189910894/detail.aspx
Программируем с детьми. Создай 10 веселых игр на Scratch,616.0,https://www.wildberries.ru/catalog/28969251/detail.aspx
Изучай Erlang во имя добра!,1147.0,https://www.wildberries.ru/catalog/20823828/detail.aspx
Байесовский анализ на Python,1078.0,https://www.wildberries.ru/catalog/29362277/detail.aspx
Вып.156. Электронные модули крупной бытовой техники.,710.0,https://www.wildberries.ru/catalog/50293632/detail.aspx
Изучаем TypeScript 3,1583.0,https://www.wildberries.ru/catalog/32324885/detail.aspx
Akka в действии,1315.0,https://www.wildberries.ru/catalog/19459472/detail.aspx
СУБД для программиста. Базы данных изнутри,1057.0,https://www.wildberries.ru/catalog/21442815/detail.aspx
Микрокомпьютерные системы управления,611.0,https://www.wildberries.ru/catalog/25754290/detail.aspx
Полезные схемы с применением микроконтроллеров ПЛИС,518.0,https://www.wildberries.ru/catalog/25755245/detail.aspx
Роботы и игрушки своими руками,384.0,https://www.wildberries.ru/catalog/25952024/detail.aspx
Программируем робота. Путешествие в Робокодию,344.0,https://www.wildberries.ru/catalog/33352809/detail.aspx
"Книга: Винницкий Ю.А., Григорьев А.Т. ""Scratch и Arduino для",785.0,https://www.wildberries.ru/catalog/139327989/detail.aspx
"Книга: Цилюрик О. И. ""Linux и Go. Эффективное низкоуровневое",1008.0,https://www.wildberries.ru/catalog/175871871/detail.aspx
"Web на практике. CSS, HTML, JavaScript, MySQL, PHP для f...",812.0,https://www.wildberries.ru/catalog/169035897/detail.aspx
Книга,1102.0,https://www.wildberries.ru/catalog/19670908/detail.aspx
Linux API. Исчерпывающее руководство,3191.0,https://www.wildberries.ru/catalog/6220553/detail.aspx
JavaScript и jQuery. Исчерпывающее руководство. 3-е издание,1129.0,https://www.wildberries.ru/catalog/2451237/detail.aspx
Искусство программирования: В 4 т (комплект из 4-х книг),12832.0,https://www.wildberries.ru/catalog/190639502/detail.aspx
Язык программирования Go,1535.0,https://www.wildberries.ru/catalog/42782778/detail.aspx
"Ежедневник планер ""Дневник эффективности"" А5 блокнот",401.0,https://www.wildberries.ru/catalog/43966045/detail.aspx
JavaScript. Полное руководство. 7-е изда,1830.0,https://www.wildberries.ru/catalog/25920522/detail.aspx
"Тетрадь Логика и программирование, 9-10 лет",507.0,https://www.wildberries.ru/catalog/235006322/detail.aspx
Набор тетрадей РЕШИ-ПИШИ УМ881 Развиваем школьника от 7 лет,678.0,https://www.wildberries.ru/catalog/237757607/detail.aspx
Застенчивость. Как ее побороть и приобрести уверенность,487.0,https://www.wildberries.ru/catalog/183795374/detail.aspx
Метод Г. Шичко. Теория психологического программирования,1337.0,https://www.wildberries.ru/catalog/207568349/detail.aspx
Python. Великое программирование в Minecraft,631.0,https://www.wildberries.ru/catalog/229254518/detail.aspx
Программирование: принципы и практика с использованием C++,3997.0,https://www.wildberries.ru/catalog/10591319/detail.aspx
Философия Java. 4-е полное изд.,2013.0,https://www.wildberries.ru/catalog/6612344/detail.aspx
Компьютерные системы. Архитектура и программирование,3048.0,https://www.wildberries.ru/catalog/279308103/detail.aspx
"HTML, CSS, SCRATCH, PYTHON. Моя первая книга по программированию",603.0,https://www.wildberries.ru/catalog/45372759/detail.aspx
"Сборник лабораторных работ для студентов учебных заведений, изучающих программирование в системе 1С:",785.0,https://www.wildberries.ru/catalog/111116231/detail.aspx
Набор тетрадей Реши-Пиши Логика и программирование Курс,534.0,https://www.wildberries.ru/catalog/121012207/detail.aspx
Программирование на языке Rust. Цветное издание,2317.0,https://www.wildberries.ru/catalog/223860114/detail.aspx
Современная разработка игр на Unity,1128.0,https://www.wildberries.ru/catalog/221789072/detail.aspx
"Привет, мир!",144.0,https://www.wildberries.ru/catalog/34635120/detail.aspx
Микроконтроллеры AVR. От азов программир,719.0,https://www.wildberries.ru/catalog/62978043/detail.aspx
"Java для ""чайников""",1339.0,https://www.wildberries.ru/catalog/7164650/detail.aspx
C++. Полное руководство. Классическое издание,2438.0,https://www.wildberries.ru/catalog/203927276/detail.aspx
Искусство программирования на R,654.0,https://www.wildberries.ru/catalog/7520877/detail.aspx
Terraform: инфраструктура на уровне кода. 3-е межд. изд.,1417.0,https://www.wildberries.ru/catalog/210342189/detail.aspx
Сетевое программирование на Python… книга Галбрейт Джон,3124.0,https://www.wildberries.ru/catalog/275099870/detail.aspx
Язык программирования C. 2-е изд.,1073.0,https://www.wildberries.ru/catalog/20849132/detail.aspx
Python для детей и родителей. 2-е издание,1039.0,https://www.wildberries.ru/catalog/42076401/detail.aspx
Программируем на Python,788.0,https://www.wildberries.ru/catalog/9664442/detail.aspx
Введение в рекурсивное программирование,1647.0,https://www.wildberries.ru/catalog/111115443/detail.aspx
"Си на примерах. Практика, практика и тол",458.0,https://www.wildberries.ru/catalog/64210831/detail.aspx
Linux API. Исчерпывающее руководство,3444.0,https://www.wildberries.ru/catalog/139326021/detail.aspx
{Вы не знаете JS} Замыкания и объекты,616.0,https://www.wildberries.ru/catalog/8354174/detail.aspx
GPT-3. Руководство по использованию API Open AI,1083.0,https://www.wildberries.ru/catalog/281898872/detail.aspx
Алгоритмы. С примерами на Python,948.0,https://www.wildberries.ru/catalog/163351599/detail.aspx
Python. Лучшие практики и инструменты,1461.0,https://www.wildberries.ru/catalog/27352087/detail.aspx
Qt 6. Разработка оконных приложений на C++,1108.0,https://www.wildberries.ru/catalog/137612656/detail.aspx
"Книга: Бизли Д. ""Python. Исчерпывающее руководство""",2100.0,https://www.wildberries.ru/catalog/184161503/detail.aspx
"Книга ""Программирование для детей"" Научиться с 6 лет может",918.0,https://www.wildberries.ru/catalog/287292377/detail.aspx
Java. Самое полное руководство по разработке в примерах от,1398.0,https://www.wildberries.ru/catalog/274005892/detail.aspx
Геймдизайн на практике. Как начать зарабатывать.,665.0,https://www.wildberries.ru/catalog/226019308/detail.aspx
C# для чайников,1755.0,https://www.wildberries.ru/catalog/42782742/detail.aspx
1С Программирование для начинающих Детям и родителям менедже,1244.0,https://www.wildberries.ru/catalog/276675032/detail.aspx
С# для UNITY- разработчиков. Руководство по созданию игр,748.0,https://www.wildberries.ru/catalog/152076906/detail.aspx
"Для ""чайников"" НЛП",1161.0,https://www.wildberries.ru/catalog/35844061/detail.aspx
JavaScript: карманный справочник.м3-е изд,786.0,https://www.wildberries.ru/catalog/35943510/detail.aspx
Вып.147. Электронные модули стиральных машин и холодильников,750.0,https://www.wildberries.ru/catalog/154522741/detail.aspx
Python и DevOps: Ключ к автоматизации Linux,1477.0,https://www.wildberries.ru/catalog/48501953/detail.aspx
Язык программирования C. 2-ое издание,1410.0,https://www.wildberries.ru/catalog/42782766/detail.aspx
Вып.158 Диагностика и ремонт ЖК LED-телевизоров,680.0,https://www.wildberries.ru/catalog/121012119/detail.aspx
Проектирование рекофигурируемых систем в LABVIEW FPGA,1878.0,https://www.wildberries.ru/catalog/180112176/detail.aspx
Эл. модули современных посудомоечных и стиральных машин,740.0,https://www.wildberries.ru/catalog/154922528/detail.aspx
Применение пакета MATLAB и SIMULINK для анализа,828.0,https://www.wildberries.ru/catalog/25992516/detail.aspx
Scratch 3. Изучайте язык программирования,821.0,https://www.wildberries.ru/catalog/147045158/detail.aspx
Программирование для Android. Самоучитель. 3-е изд.,551.0,https://www.wildberries.ru/catalog/14193284/detail.aspx
Проекты с микроконтроллером в среде TinyGo и WebAssembly,922.0,https://www.wildberries.ru/catalog/59492897/detail.aspx
Решение задач стрельбы и баллистики,573.0,https://www.wildberries.ru/catalog/150764428/detail.aspx
Эффективный и современный С++,1411.0,https://www.wildberries.ru/catalog/10591274/detail.aspx
C# 7.0. Карманный справочник,393.0,https://www.wildberries.ru/catalog/35842852/detail.aspx
Разговорный гипноз: практический курс,729.0,https://www.wildberries.ru/catalog/234605369/detail.aspx
Программирование для начинающих: Особенности основных опе...,756.0,https://www.wildberries.ru/catalog/267614156/detail.aspx
Создание сайтов и лендингов на WordPress и Elementor с нуля,670.0,https://www.wildberries.ru/catalog/179728740/detail.aspx
Александр Дащинский. Самостоятельное создание сайта с нуля без знаний веб-программирования,584.0,https://www.wildberries.ru/catalog/43103321/detail.aspx
Атлас искусственного интеллекта: руководство для будущего,582.0,https://www.wildberries.ru/catalog/180393974/detail.aspx
"Объектно-ориентированный Python, 4-е изд.",1824.0,https://www.wildberries.ru/catalog/214152316/detail.aspx
Python для детей. Курс для начинающих,573.0,https://www.wildberries.ru/catalog/212026682/detail.aspx
Программирование инфраструктуры. 2-е изд.,1026.0,https://www.wildberries.ru/catalog/193701910/detail.aspx
Курс программирования на языке Си,1218.0,https://www.wildberries.ru/catalog/223859645/detail.aspx
"Программирование для детей, С, С++",612.0,https://www.wildberries.ru/catalog/35988025/detail.aspx
Программирование для детей. Мои первые программы на Scratch,288.0,https://www.wildberries.ru/catalog/5890113/detail.aspx
C# 10 и .NET 6. Современная кросс-платформенная разработка,2776.0,https://www.wildberries.ru/catalog/139842463/detail.aspx
Изучаем Python Том 2,1977.0,https://www.wildberries.ru/catalog/12539756/detail.aspx
Искусство программирования. Том 4А. Комб,3365.0,https://www.wildberries.ru/catalog/42782846/detail.aspx
Азы программирования. Книга для ученика 5-9 кл,924.0,https://www.wildberries.ru/catalog/280543707/detail.aspx
CLR via C#,1637.0,https://www.wildberries.ru/catalog/6612340/detail.aspx
ARDUINO От азов программирования до создан… книга Белов А.Н.,3011.0,https://www.wildberries.ru/catalog/274998343/detail.aspx
Программист-прагматик: 2-е изд,1044.0,https://www.wildberries.ru/catalog/35635086/detail.aspx
Чистый дизайн. Практика эмпирического проектирования ПО,648.0,https://www.wildberries.ru/catalog/223072380/detail.aspx
C++. Практика многопоточного программирования,1192.0,https://www.wildberries.ru/catalog/265967064/detail.aspx
"Привет, Pуthоn! Моя первая книга по программированию. 2-е изд",527.0,https://www.wildberries.ru/catalog/77231691/detail.aspx
Unity и C#. Геймдев от идеи до реализации. 2-е изд.,1874.0,https://www.wildberries.ru/catalog/7520861/detail.aspx
Основы построения и методы проектирования,489.0,https://www.wildberries.ru/catalog/38767594/detail.aspx
Made at Intel,606.0,https://www.wildberries.ru/catalog/205697408/detail.aspx
Competitive Programming 4 - Book 2. О...,743.0,https://www.wildberries.ru/catalog/70912798/detail.aspx
Основы Dart,1302.0,https://www.wildberries.ru/catalog/235390994/detail.aspx
Язык программирования Clarion 5.0: Неофициальное руководство,80.0,https://www.wildberries.ru/catalog/30314646/detail.aspx
WinRT: Программирование на C# для профес,268.0,https://www.wildberries.ru/catalog/61432803/detail.aspx
Python для юных программистов,688.0,https://www.wildberries.ru/catalog/67003734/detail.aspx
Веб-дизайн для недизайнеров,891.0,https://www.wildberries.ru/catalog/86132052/detail.aspx
Правила долгих и счастливых отношений : Психология отношений,418.0,https://www.wildberries.ru/catalog/234577138/detail.aspx
"Java на примерах. Практика, практика и только практика",384.0,https://www.wildberries.ru/catalog/75593312/detail.aspx
Продвинутые алгоритмы и структуры данных,2332.0,https://www.wildberries.ru/catalog/200704119/detail.aspx
Простой Python для опытных программистов,784.0,https://www.wildberries.ru/catalog/41145456/detail.aspx
Мифический человеко-месяц,1023.0,https://www.wildberries.ru/catalog/14329478/detail.aspx
Arduino. Полный учебный курс.,681.0,https://www.wildberries.ru/catalog/100054852/detail.aspx
Начинаем программировать на Python. 5-е изд.,1949.0,https://www.wildberries.ru/catalog/71390553/detail.aspx
Программирование Создаём виртуальный интеллект на JavaScript,150.0,https://www.wildberries.ru/catalog/138024085/detail.aspx
Основы машинного зрения в среде LabVIEW,413.0,https://www.wildberries.ru/catalog/21455496/detail.aspx
Учимся программировать с примерами на Py,2759.0,https://www.wildberries.ru/catalog/42782922/detail.aspx
Прикладные процессоры: введение в схемотехнику,1319.0,https://www.wildberries.ru/catalog/185041417/detail.aspx
Машинное обучение,575.0,https://www.wildberries.ru/catalog/20830415/detail.aspx
HTML5 + CSS3. Основы современного WEB-ди,616.0,https://www.wildberries.ru/catalog/64168086/detail.aspx
Профессиональный TypeScript,817.0,https://www.wildberries.ru/catalog/15668751/detail.aspx
"Си на примерах. Практика, практика и только практика",1842.0,https://www.wildberries.ru/catalog/272809800/detail.aspx
Моделирование в MATLAB с помощью Communications Toolbox,727.0,https://www.wildberries.ru/catalog/121014283/detail.aspx
Программирование на Objective-C,840.0,https://www.wildberries.ru/catalog/264916546/detail.aspx
Глубокое обучение с R и KERAS второе издание,1678.0,https://www.wildberries.ru/catalog/144637408/detail.aspx
Методы и алгоритмы решения прикладных задач,400.0,https://www.wildberries.ru/catalog/20830846/detail.aspx
Первая честная книга об отношениях,766.0,https://www.wildberries.ru/catalog/138836085/detail.aspx
1400 задач по программированию,486.0,https://www.wildberries.ru/catalog/223860043/detail.aspx
Методы и теория оптимизации: Планирование и управление. ...,1673.0,https://www.wildberries.ru/catalog/201788058/detail.aspx
Обработка древесины на станке с ЧПУ.Уч.пос.2изд,1298.0,https://www.wildberries.ru/catalog/258026313/detail.aspx
Рабочая тетрадь Реши пиши с наклейками Кубометрия от 6 лет,407.0,https://www.wildberries.ru/catalog/10162145/detail.aspx
Программирование на С++. Уолтер Савич. Савич Уолтер,3430.0,https://www.wildberries.ru/catalog/193545361/detail.aspx
Реактивное программирование на С ++,1524.0,https://www.wildberries.ru/catalog/223860191/detail.aspx
"Книга: Прохоренок Н. ""Python 3. Самое необходимое. 2-е изд.""",1134.0,https://www.wildberries.ru/catalog/138225682/detail.aspx
Язык программирования C. Лекции и упражн,2302.0,https://www.wildberries.ru/catalog/42783013/detail.aspx
"Программирование для детей. Создаем сайты, приложения и игры",837.0,https://www.wildberries.ru/catalog/255419637/detail.aspx
НЛП для чайников,1166.0,https://www.wildberries.ru/catalog/42782881/detail.aspx
Мультиагентное обучение с подкреплением: Учеебное пособи...,1312.0,https://www.wildberries.ru/catalog/148044019/detail.aspx
"Python. Великое программирование в Mi… книга Корягин Андрей,",3136.0,https://www.wildberries.ru/catalog/281968010/detail.aspx
Язык программирования C++. Лекции и упра,2709.0,https://www.wildberries.ru/catalog/42782763/detail.aspx
"Изучаем SQL. Генерация, выборка и обработка данных",1314.0,https://www.wildberries.ru/catalog/42783192/detail.aspx
Программирование на VBA в Excel. Самоучитель,750.0,https://www.wildberries.ru/catalog/195371448/detail.aspx
Подготовка к ЕГЭ по информатике в 2020 году,392.0,https://www.wildberries.ru/catalog/161216197/detail.aspx
Программирование компьютерной графики,1340.0,https://www.wildberries.ru/catalog/223859647/detail.aspx
Микроконтроллеры AVR семейства Mega.Руководство пользователя,1279.0,https://www.wildberries.ru/catalog/223859627/detail.aspx
Программирование на Scratch для детей. Уровень 1,907.0,https://www.wildberries.ru/catalog/197285516/detail.aspx
Программирование на ассемблере х64.,1584.0,https://www.wildberries.ru/catalog/223859590/detail.aspx
Программирование компьютерного зрения на Python,1157.0,https://www.wildberries.ru/catalog/223859611/detail.aspx
Современное программирование с нуля! Второе издание,974.0,https://www.wildberries.ru/catalog/223859617/detail.aspx
Программирование игр в Roblox Studio. Кн. 2,1498.0,https://www.wildberries.ru/catalog/41145462/detail.aspx
Руководство для программиста на Java,672.0,https://www.wildberries.ru/catalog/11455505/detail.aspx
Искусство программирования: В 4 т (комплект из 4-х книг),14259.0,https://www.wildberries.ru/catalog/190639405/detail.aspx
Конкретная математика,2336.0,https://www.wildberries.ru/catalog/35720734/detail.aspx
Kotlin. Программирование для профессионалов. 2-е изд.,1636.0,https://www.wildberries.ru/catalog/255409836/detail.aspx
Изучаем PHP 7,2213.0,https://www.wildberries.ru/catalog/35845435/detail.aspx
Краткосрочная психотерапия тревожных расстройств,527.0,https://www.wildberries.ru/catalog/159589694/detail.aspx
Программирование на Visual Basic и Visual C# для начинающ...,876.0,https://www.wildberries.ru/catalog/280136622/detail.aspx
"Задачи с решениями по высшей математике, теории вероятностей",1047.0,https://www.wildberries.ru/catalog/174500809/detail.aspx
Книга Искусство программирования. Том 3. Сортировка и,5678.0,https://www.wildberries.ru/catalog/276893432/detail.aspx
"Разработка интерфейса прикладных решений на платформе ""1...",855.0,https://www.wildberries.ru/catalog/199341730/detail.aspx
Android. Полное руководство по разработке приложений от,1038.0,https://www.wildberries.ru/catalog/225248594/detail.aspx
Применение пакета MATLAB для анализа резонансных явлений,290.0,https://www.wildberries.ru/catalog/21445739/detail.aspx
Занимательные задачи по программирова...,768.0,https://www.wildberries.ru/catalog/21897252/detail.aspx
Разработка и анализ компьютерных алгоритмов,1532.0,https://www.wildberries.ru/catalog/35815495/detail.aspx
"Высоконагруженные приложения. Программирование, масштаби...",1939.0,https://www.wildberries.ru/catalog/178262647/detail.aspx
Arduino. Большая книга рецептов. 3-е изд.,1609.0,https://www.wildberries.ru/catalog/33445073/detail.aspx
Python. Великое программирование в Minecraft,725.0,https://www.wildberries.ru/catalog/138778937/detail.aspx
Искусство программирования 1,3370.0,https://www.wildberries.ru/catalog/10591354/detail.aspx
Разработка Android-приложений с нуля. 3-е изд.,1239.0,https://www.wildberries.ru/catalog/145481604/detail.aspx
Принципы объектно-ориентированного программирования,1023.0,https://www.wildberries.ru/catalog/273783705/detail.aspx
Алгоритмы. Теория и практическое применение. 2-е издание,1183.0,https://www.wildberries.ru/catalog/41653225/detail.aspx
Задачи и методы линейного программирования. Книга 3: Задачи,1137.0,https://www.wildberries.ru/catalog/199550285/detail.aspx
Язык программирования Go,1530.0,https://www.wildberries.ru/catalog/35943464/detail.aspx
Программирование на языке RUBY,483.0,https://www.wildberries.ru/catalog/284212636/detail.aspx
1С:Счетчик ворон. Мастер-класс по разработке мобильного п...,632.0,https://www.wildberries.ru/catalog/139812779/detail.aspx
Внутреннее устройство Linux. 3-е изд.,1143.0,https://www.wildberries.ru/catalog/97021969/detail.aspx
Ти бот летит на помощь,391.0,https://www.wildberries.ru/catalog/42395196/detail.aspx
Грокаем алгоритмы,1065.0,https://www.wildberries.ru/catalog/160784161/detail.aspx
Искусство программирования. Том 2. Получ,3396.0,https://www.wildberries.ru/catalog/42782679/detail.aspx
Дисциплина программирования. Математи...,736.0,https://www.wildberries.ru/catalog/21876624/detail.aspx
Современный станок с ЧПУ и CAD/CAМ система,1524.0,https://www.wildberries.ru/catalog/223859585/detail.aspx
Изучаем C# через разработку игр на Unity. 5-е изд.,1576.0,https://www.wildberries.ru/catalog/252665689/detail.aspx
Грокаем алгоритмы. 2-е изд.,871.0,https://www.wildberries.ru/catalog/255976565/detail.aspx
Программирование на Python в примерах и задачах,973.0,https://www.wildberries.ru/catalog/235402547/detail.aspx
"Справочник PYTHON. Кратко, быстро, под рукой",478.0,https://www.wildberries.ru/catalog/64210821/detail.aspx
Книга Программирование для детей Научиться с 6 лет может каж,1008.0,https://www.wildberries.ru/catalog/270683619/detail.aspx
Разработка приложений для iPhone...,840.0,https://www.wildberries.ru/catalog/12539731/detail.aspx
Основы компиляции: инкрементный подход,1197.0,https://www.wildberries.ru/catalog/208202184/detail.aspx
"Scratch 3. Изучайте язык программирования, делая крутые игры",1095.0,https://www.wildberries.ru/catalog/216924074/detail.aspx
Ren'Py. Создаем игры и приложения,676.0,https://www.wildberries.ru/catalog/245355700/detail.aspx
Объектно Ориентированное Программирование. Настольная книга,659.0,https://www.wildberries.ru/catalog/209188652/detail.aspx
Программирование на VBA в Excel. Самоучитель,748.0,https://www.wildberries.ru/catalog/192185071/detail.aspx
Простой Python. Современный стиль программирования,1179.0,https://www.wildberries.ru/catalog/18567821/detail.aspx
Программирование на C++ в примерах и задачах,729.0,https://www.wildberries.ru/catalog/235426454/detail.aspx
Вып.139 Электронные модули стиральных машин,645.0,https://www.wildberries.ru/catalog/152653946/detail.aspx
Дискретная математика,819.0,https://www.wildberries.ru/catalog/19942757/detail.aspx
